file_path,special_info,Kp,Ki,Kd,Kp_pos,Ki_pos,Kd_pos,start_time,omega,phase/pi,iae_angle,iae_position,max_angle_deviation,max_position_overshoot,control_effort_proxy,fitness_score
.\cart_pendulum_data_4\pid_set_1\23-07-csv\pid-12-26-42.csv,,700.0,490.0,2.75,-0.04,0.0,-0.008,3468.968,2.0,0.0,2.6042,35006.0,0.431,2493.0,79.63857414,18016.065257414
.\cart_pendulum_data_1\pid_set_10\22-07-csv\pid-17-29-56.csv,,500.0,350.0,2.75,-0.04,0.0,-0.008,1567.488,2.0,0.0,6.216,37356.0,1.0293,2575.0,187.63563666,19227.283463666
.\cart_pendulum_data_2\pid_set_7\23-07-csv\pid-11-39-19.csv,,600.0,420.0,2.75,-0.04,0.0,-0.008,626.592,2.0,0.0,4.5308,37994.0,0.7839,2624.0,124.33249813999998,19545.646549814
.\cart_pendulum_data_1\pid_set_16\22-07-csv\pid-17-37-32.csv,,500.0,350.0,2.75,-0.08,0.0,-0.008,2023.281,2.0,0.0,11.1244,40082.0,1.3514,1807.0,439.8224445000001,20472.68524445
.\cart_pendulum_data_2\pid_set_16\23-07-csv\pid-11-51-46.csv,,600.0,420.0,3.5,-0.04,0.0,-0.008,1373.577,2.0,0.0,3.2984,40218.0,0.5676,2676.0,85.56872956,20661.056472956
